{"frameRate":24,"isNamespaced":false,"textureGroups":[{"atlases":[{"textures":[{"origin":[8.7,39.05],"rect":[1,1,166,85],"symbol":"Start_Sign"},{"origin":[8.7,39.05],"rect":[1,88,166,85],"symbol":"Start_SignON"},{"origin":[15.45,39.05],"rect":[1,175,96,70],"symbol":"Exit_SignON"},{"origin":[15.45,39.05],"rect":[99,175,96,70],"symbol":"Exit_Sign"}],"file":"atlas0.png"}],"scaleFactor":1}],"movies":[{"layers":[{"name":"Layer 1","keyframes":[{"loc":[-32.4,4.2],"pivot":[15.45,39.05],"duration":29,"ref":"Exit_Sign","tweened":false,"index":0},{"loc":[-32.4,4.2],"pivot":[15.45,39.05],"duration":31,"ref":"Exit_SignON","tweened":false,"index":29}]}],"id":"EXIT_IDLE"},{"layers":[{"name":"Layer 1","keyframes":[{"loc":[-32.4,4.2],"pivot":[8.7,39.05],"duration":29,"ref":"Start_Sign","tweened":false,"index":0},{"loc":[-32.4,4.2],"pivot":[8.7,39.05],"duration":31,"ref":"Start_SignON","tweened":false,"index":29}]}],"id":"START_IDLE"}],"md5":"a4406ca12a5edc0785d79c04d6e7036a"}